Year,Name,College,POS,Height (in),Weight (lbs),Hand Size (in),Arm Length (in),Wonderlic,40 Yard,Bench Press,Vert Leap (in),Broad Jump (in),Shuttle,3Cone,60Yd Shuttle
2017,Jamal Adams,LSU,S,72,214,9.25,33.38,,4.56,18,31.5,120,6.96,,
2017,Montravius Adams,Auburn,DT,76,304,9.25,32.75,,4.87,22,29,108,7.62,,
2017,Rodney Adams,South Florida,WR,73,189,9,32,,4.44,8,29.5,125,6.98,4.32,
2017,Quincy Adeboyejo,Mississippi,WR,75,197,9.38,31.75,,4.42,8,34.5,123,6.73,,
2017,Brian Allen,Utah,DB,75,215,10,34,,4.48,15,34.5,117,6.64,,
2017,Jonathan Allen,Alabama,DE,75,286,9.38,33.63,,5,21,30,108,7.49,4.44,
2017,Ryan Anderson,Alabama,OLB,74,253,9.38,31.5,,4.78,,,,,,
2017,Gavin Andrews,Oregon St.,OG,77,340,,,,,,,,,5.09,
2017,Alex Anzalone,Florida,LB,75,241,9.13,32.13,,4.63,16,30.5,116,6.88,,
2017,Isaac Asiata,Utah,OG,75,323,10.38,33.75,,5.34,35,25.5,102,7.83,5,
2017,Antony Auclair,none (CFL),TE,78,254,,,,,,,,,4.45,12.08
2017,Erik Austell,Charleston Southern,OT,75,301,9,32,,5.23,24,27.5,107,8.13,,
2017,Chidobe Awuzie,Colorado,CB,72,202,8.5,30.63,,4.43,16,34.5,132,6.81,4.18,
2017,Budda Baker,Washington,S,70,195,9,30.75,,4.45,15,32.5,115,6.76,4.68,
2017,Toby Baker,Arkansas,P,75,210,9.25,31.63,,,,,,,,
2017,Zach Banner,USC,OT,80,353,10.75,34.88,,5.58,22,23.5,92,8.31,4.58,
2017,Derek Barnett,Tennessee,DE,75,259,10,32.13,,4.88,,31,117,6.96,4.44,11.71
2017,Tarell Basham,Ohio,DE,76,269,10.25,34.25,,4.7,15,31.5,119,7.27,4.44,
2017,C.J. Beathard,Iowa,QB,74,219,9.38,30.63,,,,31,113,,,
2017,Kendell Beckwith,LSU,ILB,74,243,9.5,33,,,20,,,,,
2017,Collin Bevins,Northwest Missouri St.,DE,78,285,,,,,,,,,4.39,
2017,Vince Biegel,Wisconsin,OLB,75,246,9.13,32.38,,4.67,21,33.5,118,6.92,,
2017,Adam Bisnowaty,Pittsburgh,OT,78,304,11.38,33.88,,5.23,23,29.5,96,8.02,4.9,
2017,Victor Bolden,Oregon St.,WR,68,178,9,31.13,,4.54,9,32,117,6.83,4,11.14
2017,Garett Bolles,Utah,OT,77,297,9.38,34,,4.95,,28,115,7.29,,
2017,Ben Boulware,Clemson,ILB,72,238,10,30.5,,,20,29.5,111,7.02,,
2017,Kendrick Bourne,Eastern Washington,WR,73,203,9.13,32.5,,4.68,9,34,125,6.73,4.55,12.21
2017,Tashawn Bower,LSU,DE,77,250,9.88,33.38,,4.82,20,31.5,121,7.2,4.38,
2017,Tyus Bowser,Houston,LB,75,247,10.13,33.25,,4.65,21,37.5,127,6.75,4.29,
2017,Ben Braden,Michigan,OG,78,329,9.88,34,,5.04,25,28,102,7.85,,
2017,Caleb Brantley,Florida,DT,75,307,9.75,32,,5.14,21,27,105,7.66,4.5,
2017,Billy Brown,Shepherd,WR,76,255,10.38,33,,4.7,23,29,118,,4.14,11.75
2017,Blair Brown,Ohio,LB,71,238,9.38,31.25,,4.65,,37,124,6.92,,
2017,Fadol Brown,Mississippi,DE,76,273,10.25,35,,4.94,19,34,115,7.24,,
2017,Jayon Brown,UCLA,LB,72,231,9.63,31.38,,4.7,17,31.5,120,,,
2017,Noah Brown,Ohio St.,WR,74,222,9.13,31.75,,,19,,,7.07,4.29,
2017,Pharaoh Brown,Oregon,TE,78,255,10.38,35.63,,,24,34,,,4.62,
2017,Daniel Brunskill,San Diego St.,OT,77,273,9.88,33.88,,,17,28,106,7.9,,
2017,Collin Buchanan,Miami (OH),OL,77,316,10.5,32.38,,,23,25,97,,4.75,
2017,Riley Bullough,Michigan St.,LB,74,226,9.88,31.25,,,20,31.5,116,,4.38,11.91
2017,Harrison Butker,Georgia Tech,K,76,199,8.75,31.75,,,,,,,,
2017,Jake Butt,Michigan,TE,77,246,10,32,,,,,,,,
2017,KD Cannon,Baylor,WR,71,182,8.88,30.75,,4.41,13,37,119,,4.2,
2017,Josh Carraway,TCU,DE,75,242,9.25,34.25,,4.74,25,29.5,120,7.2,4.42,12.48
2017,Christopher Carson,Oklahoma St.,RB,72,218,9.63,33.25,,4.58,23,37,130,,,
2017,Cethan Carter,Nebraska,TE,75,241,9,32.38,,4.68,19,,,,4.47,
2017,Jamal Carter,Miami,S,73,218,9.38,31,,4.64,19,35,122,,4.28,
2017,Taco Charlton,Michigan,DE,78,277,9.75,34.25,,4.92,25,33,116,7.17,,
2017,Jehu Chesson,Michigan,WR,75,204,9.13,33.25,,4.47,10,35.5,132,6.7,4.21,
2017,Chuck Clark,Virginia Tech,DB,72,208,9,32.25,,4.54,16,34,122,6.85,4.14,11.62
2017,Jeremy Clark,Michigan,CB,75,220,9.38,32.88,,,20,,,,4.5,
2017,Corey Clement,Wisconsin,RB,70,220,9.75,30.5,,4.68,19,28.5,115,,4.53,
2017,Chunky Clements,Illinois,DT,74,301,10.38,32.88,,,23,,,,4.96,
2017,Tarik Cohen,North Carolina A&T,RB,66,179,10.13,29.75,,4.42,11,31.5,118,,,
2017,Stacy Coley,Miami,WR,72,195,9.75,32.25,,4.45,10,34,122,,4.39,
2017,Aviante Collins,TCU,OT,76,295,9.38,33.38,,4.81,34,,,,4.73,
2017,Gareon Conley,Ohio St.,CB,72,195,9.5,33,,4.44,11,37,129,6.68,4.19,
2017,James Conner,Pittsburgh,RB,73,233,9.88,31.25,,4.65,20,29,113,,,
2017,Dalvin Cook,Florida St.,RB,70,210,9.25,32.38,,4.49,22,30.5,116,7.27,,
2017,Ethan Cooper,Indiana (PA),OG,74,322,10.38,32.63,,5.36,26,24.5,99,8.02,,
2017,Zach Cunningham,Vanderbilt,LB,75,234,9.25,34.38,,4.67,15,35,125,7.03,,
2017,Jeremy Cutrer,Middle Tennessee St.,CB,74,170,,,,,,,,,4.26,
2017,Darrell Daniels,Washington,TE,75,247,10.25,34.5,,4.55,17,32,116,7.09,4.09,
2017,Amara Darboh,Michigan,WR,74,214,9.88,32.63,,4.45,17,36,124,,4.26,11.88
2017,Julie'n Davenport,Bucknell,OT,79,318,10.5,36.5,,5.45,18,27,106,7.57,,
2017,Corey Davis,Western Michigan,WR,75,209,9.13,33,,,,,,,4.28,11.48
2017,Jarrad Davis,Florida,LB,73,238,9.75,33.5,,,,,,,4.39,
2017,Justin Davis,USC,RB,73,208,9.63,31,,,21,,,,4.32,11.29
2017,Keionta Davis,Tennessee-Chattanooga,DE,75,271,9.5,34,,,,,,,4.46,
2017,Kevin Davis,Colorado St.,LB,74,235,10.25,32.38,,4.91,11,30.5,110,7.18,4.5,
2017,Robert Davis,Georgia State,WR,75,219,9.63,33,,4.44,19,41,136,6.82,4.19,11.77
2017,Dion Dawkins,Temple,OG,76,314,9.88,35,,5.11,26,26,106,7.3,4.68,
2017,Matt Dayes,N.C. State,RB,69,205,10.5,30,,,18,28,109,,,
2017,Treston Decoud,Oregon St.,CB,74,206,9.25,33,,4.62,11,31,116,,,
2017,J.J. Dielman,Utah,C,77,309,10,32.25,,,27,,,,4.84,
2017,Joshua Dobbs,Tennessee,QB,75,216,9.25,32.63,,4.64,,33,122,6.75,4.41,
2017,Dylan Donahue,West Georgia,DL,75,248,9,30.25,,4.75,26,29.5,116,7.02,,
2017,Rasul Douglas,West Virginia,CB,74,209,9.25,32.38,,4.59,16,33.5,120,6.97,,
2017,Jessamen Dunker,Tennessee St.,OG,76,318,10,33.5,,4.98,23,28.5,108,,4.13,11.2
2017,Malachi Dupre,LSU,WR,74,196,9,31.5,,4.52,11,39.5,135,7.19,4.13,
2017,Travin Dural,LSU,WR,73,202,9,32,,4.57,,30.5,116,7.29,4.54,
2017,Ken Ekanem,Virginia Tech,DL,75,257,10.5,32,,4.88,,30.5,115,7.38,4.4,
2017,Corn Elder,Miami,CB,70,183,8.75,31.25,,4.55,,,,,,
2017,Pat Elflein,Ohio St.,C,75,303,9.75,33.25,,5.32,22,23.5,99,7.94,,
2017,Jake Elliott,Memphis,K,69,167,9,29,,4.79,,,,,,
2017,Jermaine Eluemunor,Texas A&M,OL,76,332,9.5,33.25,,5.22,34,,,,,
2017,Darius English,South Carolina,OLB,78,245,,,,,,,,,4.94,
2017,Evan Engram,Mississippi,TE,75,234,10,33.5,,4.42,19,36,125,6.92,4.33,
2017,Amba Etta-Tawo,Syracuse,WR,73,208,9.13,32,,4.49,14,31,126,6.95,4.34,
2017,Jerod Evans,Virginia Tech,QB,75,232,9.38,33.13,,4.8,,26.5,112,,4.25,
2017,Justin Evans,Texas A&M,S,72,199,9.75,32,,,14,,,,,
2017,Gerald Everett,South Alabama,TE,75,239,8.5,33,,4.62,22,37.5,126,6.99,4.18,11.57
2017,Dan Feeney,Indiana,OG,76,305,10.25,33.38,,5.24,26,28,101,7.52,,
2017,Devonte' Fields,Louisville,OLB,74,236,9,32.38,,4.72,,34,124,7.4,4.88,
2017,Tarean Folston,Notre Dame,RB,69,214,,,,,,,,,4.2,11.53
2017,Isaiah Ford,Virginia Tech,WR,73,194,9.25,32.63,,4.61,14,35.5,127,6.94,,
2017,Rudy Ford,Auburn,S,71,205,8.88,30,,,20,,,,4.21,11.22
2017,D'Onta Foreman,Texas,RB,72,233,10.13,31.38,,,18,,,,4.28,
2017,Reuben Foster,Alabama,LB,72,229,10.25,32.38,,,,,,,,
2017,Leonard Fournette,LSU,RB,72,240,9.25,31.63,,4.51,,28.5,,,,
2017,Kyle Fuller,Baylor,CB,72,190,9.38,32.88,,4.49,12,38.5,128,6.9,,
2017,Wayne Gallman,Clemson,RB,72,215,9.13,32.63,,4.6,21,29.5,120,7.17,4.13,11.92
2017,Antonio Garcia,Troy,OT,78,302,9.88,33.38,,5.15,24,31,108,7.98,,
2017,Myles Garrett,Texas A&M,DE,76,272,10.25,35.25,,4.64,33,41,128,,4.2,11.43
2017,Ben Gedeon,Michigan,ILB,74,244,10,32.63,,4.75,27,34.5,119,6.98,4.39,11.84
2017,Avery Gennesy,Texas A&M,OT,75,318,9.5,33.63,,5.35,24,20,91,8.08,4.9,
2017,Nate Gerry,Nebraska,S,74,218,9.25,31.25,,4.58,17,30.5,122,,,
2017,Shelton Gibson,West Virginia,WR,71,191,8.88,32,,4.5,8,32,118,6.83,4.35,11.79
2017,Ryan Glasgow,Michigan,DT,75,302,9.63,33.38,,5.13,20,27.5,105,7.55,4.62,
2017,Davon Godchaux,LSU,DT,75,310,10.25,32.38,,5.27,18,,,,4.43,
2017,Kenny Golladay,Northern Illinois,WR,76,218,9.75,32,,4.5,18,35.5,120,7,,
2017,Zane Gonzalez,Arizona State,K,72,202,9,29.5,,,,,,,,
2017,Evan Goodman,Arizona State,OG,76,306,,,,,,,,,4.81,
2017,Shaquill Griffin,Central Florida,DB,72,194,8.75,32.38,,4.38,17,38.5,132,6.87,,
2017,Nate Hairston,Temple,CB,72,196,9.5,31,,4.52,14,35.5,118,,4.45,
2017,Daeshon Hall,Texas A&M,DE,77,266,9.63,35,,4.76,18,36,123,7.03,4.63,
2017,Chad Hansen,California,WR,74,202,10.13,32.13,,4.53,11,35,119,6.74,4.01,11.17
2017,Sean Harlow,Oregon St.,OG,76,303,9.5,32,,5.15,26,30.5,105,8.16,,
2017,Charles Harris,Missouri,DE,75,253,9.63,32.38,,4.82,21,32,109,7.47,4.56,
2017,Connor Harris,Lindenwood,ILB,71,242,9.38,30.13,,4.73,18,33,114,7.13,4.18,
2017,Josh Harvey-Clemons,Louisville,S,76,217,10.38,35.38,,,12,31.5,121,,,
2017,Keon Hatcher,Arkansas,WR,73,212,9.5,32,,4.64,16,,,,4.28,
2017,Carlos Henderson,Louisiana Tech,WR,71,199,9.13,31.38,,4.46,13,36,131,7.18,,
2017,DeAngelo Henderson,Coastal Carolina,RB,67,208,9.5,29,,4.48,20,34,120,,,
2017,Trey Hendrickson,Florida Atlantic,DE,76,266,9.88,32,,4.65,,33.5,122,7.03,4.4,12.43
2017,Jordan Herdman,Simon Fraser,LB,71,238,8.13,29.88,,,,,,,,
2017,Cole Hikutini,Louisville,TE,76,247,10,32.75,,,20,,,,4.34,
2017,Brian Hill,Wyoming,RB,73,219,8.88,31.38,,4.54,15,34,125,7.03,,
2017,Delano Hill,Michigan,SS,73,216,9.38,32.13,,4.47,17,33.5,115,6.96,4.21,
2017,Bucky Hodges,Virginia Tech,TE,78,257,10.13,32.5,,4.57,18,39,134,,4.16,11.46
2017,Krishawn Hogan,Marian (IN),WR,75,222,9.88,32.13,,4.56,13,36.5,124,6.74,,
2017,Colin Holba,Louisville,LS,76,248,9.63,33.63,,5.19,,28,115,,,
2017,Mack Hollins,North Carolina,WR,76,221,9.75,33.25,,4.53,,,,,,
2017,Elijah Hood,North Carolina,RB,71,232,9.38,30.38,,,18,,,,4.34,
2017,Malik Hooker,Ohio St.,S,73,206,10.75,32.25,,,,,,,,
2017,Bug Howard,North Carolina,WR,76,221,10.38,33.13,,4.58,,37.5,119,6.95,4.15,
2017,O.J. Howard,Alabama,TE,78,251,10,33.75,,4.51,22,30,121,6.85,4.38,12.38
2017,Marlon Humphrey,Alabama,CB,72,197,8.75,32.25,,4.41,10,,125,6.75,4.28,
2017,Hayden Hunt,Colorado St.,P,72,212,9.25,29.88,,,,,,,,
2017,Kareem Hunt,Toledo,RB,70,216,9.63,31.38,,4.62,18,36.5,119,,,
2017,Danny Isidora,Miami,OG,75,306,9.88,33,,5.03,26,29,94,8.13,5.38,
2017,Adoree Jackson,USC,CB,70,186,9.25,31.38,,4.42,,36,122,,,
2017,Eddie Jackson,Alabama,S,72,201,9.25,32.25,,,10,,,,4.2,11.5
2017,Blake Jarwin,Oklahoma St.,TE,77,248,,,,,,,,,4.33,12.06
2017,Lorenzo Jerome,St. Francis (PA),S,70,204,8.63,30.63,,4.7,11,,,7.63,4.18,11.57
2017,Dorian Johnson,Pittsburgh,OG,77,300,10.88,35.25,,5.27,21,30,114,8.39,4.58,
2017,Jadar Johnson,Clemson,S,72,206,9.25,32,,4.6,19,33,119,6.9,4.18,
2017,Jaleel Johnson,Iowa,DT,75,316,9.63,33.25,,5.38,19,28,100,7.64,4.75,
2017,John Johnson,Boston College,S,72,208,9.88,32,,4.61,14,37,119,6.72,,
2017,Roderick Johnson,Florida St.,OT,79,298,10.75,36,,,,,,,5.17,
2017,Cameron Johnston,Ohio St.,P,71,194,9,31,,4.92,,,,,,
2017,Aaron Jones,Texas-El Paso,RB,69,208,9.5,32.5,,4.56,16,37.5,127,6.82,4.28,
2017,D.J. Jones,Mississippi,DT,73,319,10.25,32.5,,5.04,25,28.5,108,7.73,4.66,
2017,Jarron Jones,Notre Dame,DT,78,316,10.5,35.5,,5.33,22,20.5,,,4.53,
2017,Josh Jones,N.C. State,S,73,220,9.38,32,,4.41,20,37.5,132,,4.27,
2017,Nazair Jones,North Carolina,DT,77,304,10.88,34.63,,5.11,,24.5,101,7.93,,
2017,Sidney Jones,Washington,CB,72,186,9.38,31.5,,4.47,,33.5,123,7.02,,
2017,Zay Jones,East Carolina,WR,74,201,9,32.5,,4.45,15,36.5,133,6.79,4.08,
2017,Brad Kaaya,Miami,QB,76,214,9.75,32,,,,,,,,
2017,Kyle Kalis,Michigan,OG,76,308,10.25,32.88,,,,,,,4.62,
2017,Alvin Kamara,Tennessee,RB,70,214,9.25,32.75,,4.56,15,39.5,131,,4.56,11.78
2017,Damontae Kazee,San Diego St.,CB,70,184,8.63,30.88,,4.54,11,34,124,,,
2017,Chad Kelly,Mississippi,QB,74,224,,,,,,,,,4.08,
2017,Desmond King,Iowa,S,70,201,9.63,31.13,,,14,34,117,6.67,4.49,12.06
2017,Kevin King,Washington,CB,75,200,9.5,32,,4.43,11,39.5,,6.56,4.34,
2017,George Kittle,Iowa,TE,76,247,9.25,33.13,,4.52,18,35,132,,4.59,12.41
2017,DeShone Kizer,Notre Dame,QB,76,233,9.88,33.13,,4.83,,30.5,107,7.4,,
2017,Tanoh Kpassagnon,Villanova,DE,79,289,10.63,35.63,,4.83,23,30,128,7.46,4.69,
2017,Cooper Kupp,Eastern Washington,WR,74,204,9.5,31.5,,4.62,,31,116,6.75,4.12,
2017,Forrest Lamp,Western Kentucky,OG,76,309,10.63,32.25,,5,34,27.5,111,7.55,4.56,
2017,Ashton Lampkin,Oklahoma St.,CB,72,189,9.38,31,,4.52,19,34.5,120,,4.21,11.19
2017,Jerome Lane,Akron,WR,74,226,9.75,31.5,,4.6,16,35,125,6.87,4.71,
2017,Harvey Langi,BYU,DE,74,251,9.13,32.88,,,23,33,118,7,,
2017,Brendan Langley,Lamar,CB,72,201,9.5,32,,4.43,22,35.5,123,7.06,,
2017,Marshon Lattimore,Ohio St.,CB,72,193,8.88,31.25,,4.36,,38.5,132,,4.12,11.45
2017,Carl Lawson,Auburn,DE,74,261,10.38,31.5,,4.67,35,33,114,7.46,4.62,
2017,Javarius Leamon,South Carolina St.,OL,79,332,9.63,35.25,,,22,23.5,,,,
2017,Jeremiah Ledbetter,Arkansas,DE,75,280,10,34.25,,4.84,29,32.5,113,7.55,4.47,12.14
2017,Cameron Lee,Illinois St.,OG,77,312,10.88,33.88,,5.44,18,25.5,100,8.02,4.6,
2017,Elijah Lee,Kansas St.,LB,75,228,,,,,,,,,4.3,
2017,Marquel Lee,Wake Forest,LB,75,240,9.5,32.5,,,25,31,118,,,
2017,Jordan Leggett,Clemson,TE,77,258,10.38,33.5,,,18,33,114,7.12,4.45,12.34
2017,Mitch Leidner,Minnesota,QB,75,226,10,33.75,,4.93,,34.5,123,6.96,4.45,
2017,Corey Levin,Tennessee-Chattanooga,OL,76,307,10.88,33.5,,5.16,26,26.5,106,7.55,,
2017,Jourdan Lewis,Michigan,CB,70,188,9.25,31.63,,4.54,15,34.5,121,,,
2017,William Likely,Maryland,FS,67,180,9.5,29,,,15,,,,,
2017,Sefo Liufau,Colorado,QB,75,232,10.75,33.5,,5.08,,27,105,7.32,4.23,
2017,T.J. Logan,North Carolina,RB,69,196,9,32,,4.37,17,33.5,121,,4.43,12
2017,Shalom Luani,Washington St.,S,71,202,9.75,32,,4.55,12,31,116,6.87,4.34,
2017,Keevan Lucas,Tulsa,WR,69,192,9.88,31.88,,4.55,11,32.5,119,7.23,4.14,
2017,Marlon Mack,South Florida,RB,71,213,9,32,,4.5,15,35.5,125,,4.22,11.03
2017,Erik Magnuson,Michigan,OG,78,305,,,,,,,,,4.94,
2017,Patrick Mahomes,Texas Tech,QB,74,225,9.25,33.25,,4.8,,30,114,6.88,4.31,
2017,Josh Malone,Tennessee,WR,75,208,9.63,31.38,,4.4,10,30.5,121,7.05,4.13,11.32
2017,Damien Mama,USC,OG,75,334,11,35,,5.84,,24.5,96,8.51,4.9,
2017,Gabe Marks,Washington St.,WR,71,189,8.75,30.38,,4.56,11,29.5,117,7.01,,
2017,JoJo Mathis,Washington,OLB,74,266,9,33,,,24,,,,,
2017,Art Maulet,Memphis,DB,70,189,9.63,31.25,,4.62,18,34.5,120,,4.22,
2017,Marcus Maye,Florida,S,72,210,9.13,32.5,,,,,,,4.12,11.19
2017,Christian McCaffrey,Stanford,RB,71,202,9,30,,4.48,10,37.5,121,6.57,4.37,11.71
2017,Conor McDermott,UCLA,OT,80,307,11,34.75,,5.18,,28.5,105,7.52,,
2017,Malik McDowell,Michigan St.,DT,78,295,10.5,34.75,,4.85,23,28.5,112,7.69,,
2017,Elijah McGuire,Louisiana-Lafayette,RB,70,214,9,31,,4.53,15,36,120,7.26,,
2017,Takkarist McKinley,UCLA,DE,74,250,9.75,34.75,,4.59,24,33,122,7.48,4.32,11.83
2017,Raekwon McMillan,Ohio St.,LB,74,240,9.75,33,,4.61,23,33,121,7.15,,
2017,Jeremy McNichols,Boise St.,RB,69,214,10,31.5,,4.49,,35.5,121,6.93,,
2017,Obi Melifonwu,Connecticut,S,76,224,9.13,32.5,,4.4,17,44,141,,,
2017,Matt Milano,Boston College,OLB,72,223,9.38,32,,4.67,24,35,126,,4.38,
2017,Fabian Moreau,UCLA,CB,72,206,9,31.38,,4.35,,38,136,6.94,,
2017,Drew Morgan,Arkansas,WR,72,190,9.5,30.38,,4.74,10,30,112,6.85,4.19,11.31
2017,Jordan Morgan,Kutztown (PA),OG,75,309,10,34.63,,5.36,21,27,102,8.13,4.25,11.71
2017,Avery Moss,Youngstown St.,DE,75,264,10.38,34.5,,4.79,14,32.5,114,7.25,4.62,
2017,Taylor Moton,Western Michigan,OG,77,319,10.63,34.13,,5.18,23,30.5,109,7.73,,
2017,Al-Quadin Muhammad,Miami,DE,75,253,9.38,33.25,,4.88,22,30.5,117,7.25,4.37,
2017,Levon Myers,Northern Illinois,OT,77,309,,,,,,,,,5.06,
2017,Jalen Myrick,Minnesota,CB,70,200,8.75,31.63,,4.28,13,37.5,124,7.06,4.34,11.84
2017,Montae Nicholson,Michigan St.,S,74,212,9.5,33.38,,4.42,,35,125,,4.19,
2017,Hardy Nickerson,Illinois,LB,72,232,10,32,,4.78,18,33,116,,4.21,
2017,David Njoku,Miami,TE,76,246,10,35.25,,4.64,21,37.5,133,6.97,4.51,
2017,Speedy Noil,Texas A&M,WR,71,199,9.25,30,,,18,43.5,133,,,
2017,Bradley Northnagel,California,LS,74,243,10,32.5,,5.3,,25.5,99,,4.33,
2017,Noble Nwachukwu,West Virginia,DE,73,268,9,33.13,,4.83,27,30.5,110,,4.37,
2017,Ifeadi Odenigbo,Northwestern,DL,75,258,10.5,32.63,,4.72,25,31.5,128,7.26,,
2017,Dare Ogunbowale,Wisconsin,RB,71,213,9.13,31.38,,4.65,14,35,120,6.99,4.56,11.75
2017,Larry Ogunjobi,North Carolina Charlotte,DT,75,305,10,32.63,,4.97,26,32,116,7.55,4.72,
2017,Tyler Orlosky,West Virginia,C,75,298,9.75,32.25,,,24,,,,3.89,11.14
2017,Scott Orndoff,Pittsburgh,TE,77,253,10,33.25,,4.84,17,27,112,7.37,,
2017,Zach Pascal,Old Dominion,WR,74,219,10,32,,4.55,14,36,126,7.11,,
2017,Jabrill Peppers,Michigan,LB,71,213,9.63,30.75,,4.46,19,35.5,128,,,
2017,Samaje Perine,Oklahoma,RB,71,233,10,30.38,,4.65,30,33,116,7.26,,
2017,Nathan Peterman,Pittsburgh,QB,74,226,9.88,32,,4.82,,31,110,7.14,4.31,
2017,Caleb Peterson,North Carolina,OG,77,300,,,,,,,,,4.84,
2017,Carroll Phillips,Illinois,DE,75,242,9.75,33,,4.64,23,30,123,7.06,4.41,
2017,Antonio Pipkin,Tiffin,QB,73,225,10,32.25,,,,,,,,
2017,Hayden Plinke,Texas-El Paso,TE,76,264,10,32.5,,4.97,18,28,109,7.55,,
2017,Ethan Pocic,LSU,C,78,310,10.13,33.13,,5.15,26,27,107,7.89,,
2017,Ejuan Price,Pittsburgh,DE,71,241,10,32.75,,4.84,20,31.5,117,,4.31,11.84
2017,Donnel Pumphrey,San Diego St.,RB,68,176,8.5,29,,4.48,5,33.5,117,,4.46,12.03
2017,Elijah Qualls,Washington,DT,73,313,9.38,30.63,,5.13,33,31.5,105,7.65,4.57,
2017,James Quick,Louisville,WR,72,186,9,30.75,,4.6,11,31,115,7,4.46,
2017,Ryan Ramczyk,Wisconsin,OT,78,310,10.88,33.75,,,25,,,,4.82,
2017,Michael Rector,Stanford,WR,72,193,9.25,32.5,,4.42,,36.5,129,6.77,,
2017,Haason Reddick,Temple,DE,73,237,10.13,32.75,,4.52,24,36.5,133,7.01,5,
2017,Devine Redding,Indiana,RB,68,205,9.63,29.25,,4.76,16,30.5,116,7.18,4.22,11.21
2017,Jalen Reeves-Maybin,Tennessee,LB,72,230,9.63,32.25,,,,,,,,
2017,Austin Rehkow,Idaho,P,75,214,9.88,31.88,,,,,,,4.47,
2017,Josh Reynolds,Texas A&M,WR,75,194,9.38,31.5,,4.52,,37,124,6.83,4.46,11.68
2017,Duke Riley,LSU,OLB,72,232,9.25,32,,4.58,18,34.5,122,6.89,,
2017,Derek Rivers,Youngstown St.,DE,76,248,9.38,32.75,,4.61,30,35,123,6.94,,
2017,Michael Roberts,Toledo,TE,76,270,11.5,33,,4.86,,30,110,7.05,,
2017,Jalen Robinette,Air Force,WR,75,220,10.88,32.38,,4.62,13,31.5,120,6.77,4.47,
2017,Cam Robinson,Alabama,OT,78,322,10.5,35.5,,5.15,,26,106,7.81,,
2017,Isaac Rochell,Notre Dame,DT,76,280,9.75,32.75,,4.89,25,31.5,114,,,
2017,Darreus Rogers,USC,WR,73,216,10.13,32,,,8,26.5,112,7.22,4.28,11.39
2017,Sam Rogers,Virginia Tech,FB,70,231,9.75,30.25,,4.93,19,32,114,7.27,,
2017,Fred Ross,Mississippi St.,WR,73,213,9.25,31.25,,4.51,10,35,113,6.99,,
2017,John Ross,Washington,WR,71,188,8.75,31.5,,4.22,,37,133,,4.33,
2017,Chase Roullier,Wyoming,C,76,312,9.5,32.25,,5.54,19,26.5,97,7.6,4.35,
2017,Travis Rudolph,Florida St.,WR,72,189,9.25,31.88,,4.65,12,31.5,114,6.93,4.56,
2017,Cooper Rush,Central Michigan,QB,75,228,9.13,32.38,,4.93,,27,105,7.23,,
2017,Seth Russell,Baylor,QB,75,213,9.63,32.25,,,,,,,,
2017,Victor Salako,Oklahoma St.,OT,78,335,,,,,,,,,4.78,
2017,Curtis Samuel,Ohio St.,WR,71,196,9.5,31.25,,4.31,18,37,119,7.09,,
2017,Eric Saubert,Drake,TE,77,253,10.38,33.5,,,22,33,121,,,
2017,Artavis Scott,Clemson,WR,70,193,9.38,31,,4.61,13,31,116,7.19,,
2017,Ricky Seals-Jones,Texas A&M,WR,77,243,9.63,33.13,,4.69,17,28,121,7.46,4.81,
2017,Justin Senior,Mississippi St.,OT,77,331,10.25,34,,5.55,,23,98,8.19,4.21,
2017,Adam Shaheen,Ashland,TE,78,278,9.63,33.5,,4.79,24,32.5,121,7.09,,
2017,David Sharpe,Florida,OT,78,343,10,35.38,,5.44,19,20.5,97,7.87,,
2017,Rushel Shell,West Virginia,RB,70,227,9.63,30,,4.74,21,32.5,,,4.08,
2017,Garrett Sickels,Penn St.,DE,75,261,9.5,32.13,,4.9,20,28,105,7.21,4.39,
2017,Nico Siragusa,San Diego St.,OG,76,319,10.63,33.5,,5.35,28,32,110,7.71,,
2017,Dan Skipper,Arkansas,OT,82,309,10.5,33.38,,5.42,,26,97,7.61,,
2017,Tanzel Smart,Tulane,DT,73,296,9.63,32.88,,5.24,22,27,105,7.53,,
2017,De'Veon Smith,Michigan,RB,71,223,9,29.5,,,22,29,108,7.3,,
2017,Jonnu Smith,Florida International,TE,75,248,9.25,32.88,,4.62,22,38,127,,,
2017,JuJu Smith-Schuster,USC,WR,73,215,10.5,32.88,,4.54,15,32.5,120,,5.01,
2017,Dawuane Smoot,Illinois,DE,75,264,9.25,33.25,,4.77,,29.5,117,7.18,4.28,
2017,Jeremy Sprinkle,Arkansas,TE,77,252,10.75,34.5,,4.69,,29,116,,4.33,11.85
2017,Jamari Staples,Louisville,WR,75,195,9.5,33.5,,4.51,,36,130,,4.14,
2017,Jordan Sterns,Oklahoma St.,S,71,196,8.88,31.38,,,,,,,4.2,10.71
2017,Freddie Stevenson,Florida St.,FB,72,234,9.63,32.75,,4.75,24,28,111,7.65,4.36,11.65
2017,ArDarius Stewart,Alabama,WR,71,204,9.38,32.5,,4.49,,34,124,,4.21,11.23
2017,Channing Stribling,Michigan,CB,73,188,8.5,31.5,,4.6,5,31.5,114,6.94,4.32,
2017,Cameron Sutton,Tennessee,CB,71,188,8.25,30,,4.52,11,34,120,6.81,,
2017,Ryan Switzer,North Carolina,WR,68,181,9.25,28,,4.51,11,32,116,6.77,4.01,11.14
2017,Teez Tabor,Florida,CB,72,199,8.63,32,,4.62,9,31,120,,,
2017,Cordrea Tankersley,Clemson,CB,73,199,9.13,32.25,,4.4,13,29.5,121,7,,
2017,Taywan Taylor,Western Kentucky,WR,71,203,9.25,32.63,,4.5,13,33.5,132,6.57,,
2017,Trent Taylor,Louisiana Tech,WR,68,181,8.25,28.75,,4.63,13,33,117,6.74,,
2017,Vincent Taylor,Oklahoma St.,DT,75,304,10.13,34.38,,5.07,26,28.5,108,7.58,4.59,
2017,Sam Tevi,Utah,OT,77,311,10.13,34,,5.27,15,26,107,7.84,4.89,
2017,Nate Theaker,Wayne St. (MI),OG,77,315,9.63,32.63,,5.41,23,27,105,7.97,4.55,
2017,Jahad Thomas,Temple,RB,70,190,9,30.13,,4.62,11,32,116,,,
2017,Noel Thomas,Connecticut,WR,72,205,8.75,30,,4.63,9,32.5,118,,,
2017,Solomon Thomas,Stanford,DE,75,273,9.38,33,,4.69,30,35,126,6.95,4.58,12.3
2017,Tedric Thompson,Colorado,FS,72,204,9.63,31.5,,4.6,17,32.5,117,7.11,4.43,12.13
2017,Jack Tocho,N.C. State,CB,72,202,9.38,31.63,,4.54,21,35,125,,4.07,
2017,Dalvin Tomlinson,Alabama,DT,75,310,10.13,33.5,,5.19,,27,110,7.68,4.39,
2017,Alek Torgersen,Pennsylvania,QB,75,230,,,,,,,,,4.31,
2017,Jon Toth,Kentucky,C,77,307,10,33.63,,5.51,21,25.5,100,8.09,4.37,11.77
2017,Damarius Travis,Minnesota,S,73,206,9,31.75,,,13,32.5,115,7.08,,
2017,Stevie Tu'ikolovatu,USC,DT,73,331,10.25,33,,5.45,28,24.5,91,7.83,4.65,
2017,Josh Tupou,Colorado,NT,75,325,,,,,,,,,4.93,
2017,Michael Tyson,Cincinnati,S,73,204,9.25,31.75,,4.56,17,33,118,,,
2017,Jerry Ugokwe,William & Mary,OT,79,321,10.38,35.38,,5.61,18,26,103,8.35,5.21,
2017,Conrad Ukropina,Stanford,K,72,190,9.13,31.38,,,,,,,,
2017,Tanner Vallejo,Boise St.,LB,73,228,9.63,30.5,,4.67,,33.5,121,,,
2017,Eddie Vanderdoes,UCLA,DT,75,305,10.63,33.13,,4.99,28,28.5,111,7.69,,
2017,Justin Vogel,Miami,P,76,219,9,32.5,,4.7,,34,,,4.53,
2017,Charles Walker,Oklahoma,DT,74,310,9.63,33.75,,4.96,25,28,107,7.89,4.13,11.58
2017,Demarcus Walker,Florida St.,DE,76,280,10.5,33,,,18,,,,4.89,
2017,Carlos Watkins,Clemson,DT,75,309,10.38,34.63,,,25,,,,4.73,
2017,Deshaun Watson,Clemson,QB,74,221,9.75,33,,4.66,,32.5,119,6.95,,
2017,T.J. Watt,Wisconsin,LB,76,252,11,33.13,,4.69,21,37,128,6.79,4.78,
2017,Davis Webb,California,QB,77,229,9.25,33.13,,4.79,,33,118,6.92,,
